Direção;Main Cast;País
Alejandro G. Iñarritu;Kristen Stewart;Argentina
Alexander Payne;Robert Pattinson;Brasil
Alfed Hitchcock;Greta Lee;Coreia do Sul
Alfonso Cuarón;Wagner Moura;Dinamarca
Ang Lee;Mads Mikkelsen;Espanha
Anna Muylaert;Christian Bale;EUA
Baz Luhrmann;Timothee Chalamet;França
Bong Joon Ho;Zendaya;Italia
Bryan Singer;Austin Buttler;Japão
Catherine Hardwicke;Benedict Cumberbatch;México
Celine Song;Stellan Skarsgard;Noruega
Chloé Zhao;Bill Skarsgard;Suécia
Christopher Nolan;Alexander Skarsgard;
Clint Eastwood;Tom Holland;
Damien Chazelle;Nicole Kidman;
Danny Boyle;Ethan Hawke;
David Fincher;Cillian Murphy;
Fernando Meirelles;Ralph Fiennes;
Francis Ford Coppola;Hero Fiennes;
Frank Darabont;Anne Hathaway;
George Lucas;Tom Hanks;
Greta Gerwig;Johnny Depp;
Guilhermo del Toro;Toni Collette;
Guy Ritchie;Pedro Pascal;
James Cameron;Joaquim Phoenix;
Joachim Trier;Keanu Reeves;
John Hughes;Olivia Colman;
Jonathan Demme;Sam Neil;
Jordan Peele;Laura Dern;
José Padilha;Jeff Goldblum;
Julia Ducournau;Sam Clafin;
Lars von Trier;Zac Efron;
Lilly Wachowski;Julia Roberts;
Luca Guadagnino;Ryan Gosling;
Lynne Ramsay;Sandra Huller;
M. Night Shyamalan;Tom Hiddleston;
Martin Scorsese;Samuel L. Jackson;
Matt Reeves;Ben Stiller;
Nancy Meyers;Amy Adams;
Patty Jenkins;Owen Wilson;
Pedro Almodóvar;Robin Williamns;
Peter Jakson;Steve Coogan;
Quentin Tarantino;Rami Malek;
Richard Donner;Harrison Ford;
Richard Linklater;Chris Pratt;
Ridley Scott;Winona Rider;
Sam Raimi;Jennifer Lawrence;
Sofia Coppola;Woody Harrelson;
Spike Lee;Daniel Radcliff;
Stanley Kubrick;Emma Watson;
Stephen Frears;Alan Rickman;
Steven Spielberg;Omar Sy;
Tim Burton;Nicolas Cage;
Walter Salles;Brad Pitt;
Wes Anderson;Denzel Washington ;
Woody Allen;Robert de Niro;
Xavier Dolán;Cameron Diaz;
Zach Cregger;Lucy Liu;
Joss Whedon;Uma Thurman;
Zach Snyder;Meryl Streep;
Antonio Campos;Jude Law;
Thomas Vinterberg;Jodie Foster;
Michael Winterbottom;Dakota Johnson;
;Dermot Mulroney ;
;Charlize Theron ;
;Matthias Schoenaerts;
;Kate Winslet;
;Morgan Freeman ;
;Anthony Hopkins;
;Edward Norton;
;Ian Mckellen ;
;Gary Oldman;
;Sacarlett Johansson ;
;Natalie Portman;
;Judi Dench;
;Diane Keaton;
;Emma Thompson;
;Cate Blanchett;
;Julianne Moore;
;Angelina Jolie;
;Naomi Watts;
;Rachel Weisz;
;Marion Cottilard ;
;Jane Fonda;
;Rachel McAdams;
;Sigourney Weaver ;
;Ezra Miller;
;Tilda Swinton;
;Gal Gadot;
;Chris Pine;
;Jack Black;
;Dennis Quaid;
;Jake Gyllenhaal ;
;Tom Blyth;
;Rachel Zegler;
;Peter Dinklange;
;Viola Davis;
;Hunter Schafer;
;Michael B. Jordan;
;Cailee Spaeny;
;Archie Reanaux;
;Archie Madekwe;
;Jacob Elordi;
;Barry Keoghan ;
;Rosamund Pike;
;Harris Dickinson;
;Rebecca Ferguson ;
;Javier Bardem;
;Jason Momoa;
;Josh Brolin ;
;Florence Pugh;
;Dave Bautista;
;Léa Seydoux;
;Matthew McCounaughey;
;Michael Caine;
;Jessica Chaistain ;
;Daisy Edgar Jones;
;Glen Powel;
;Adèle Exarchopoulos;
;Mélanie Laurent;
;Mahershala Ali;
;Kevin Bacon;
;John David Washington ;
;Paul Mescal;
;Teo Yoo;
;Charles Melton;
;Swann Arlaud;
;Yara Shahidi;
;Priyanka Chopra;
;Sam Heughan;
;Alfred Enoch;
;Kaya Scodelario;
;Daniel Kaluuya;
;Keke Palmer;
;Steven Yeun;
;Emily Blunt;
;John Krasinski;
;Oscar Isaac;
;James McAvoy;
;Michael Fassbender;
;Patrick Stewart;
;Nicholas Hoult;
;Evan Peters;
;Sophie Turner;
;Hugh Jackman;
;James Marsden;
;Famke Janssen;
;Halle Berry;
;Anna Paquin;
;Robert Downey Jr;
;Mark Ruffalo;
;Chris Hemsworth;
;Aaron Tyalo-Johnson;
;Elizabeth Olsen;
;Paul Bettany;
;Anthony Mackie;
;Henry Cavill;
;Michael Shannon;
;Zôe Kravitz;
;Collin Farrel ;
;Paul Dano;
;Sebastian Stan;
;Mia Goth;
;Jenna Ortega;
;Rachel Sennott;
;Lee Pace;
;Rob Brydon;
;Chiwetel Ejiofor;
