Título;Ano;Duração;Gênero;Classificação;Vezes;;;;
1917;2019;119;Drama;5;1;;;;
12 Anos de Escravidão;2013;134;Drama;4;2;;;;
12 É Demais;2003;106;Comédia;4;3;;;;
28 Anos Depois: O Templo dos Ossos;2026;109;Thriller;4;1;;;;
365 Dias I;2020;116;Romance;3;1;;;;
365 Dias II;2020;114;Romance;3;1;;;;
365 Dias III;2022;112;Romance;3;1;;;;
50 Tons de Cinza;2015;125;Romance;3;1;;;;
50 Tons de Liberdade;2018;105;Romance;3;1;;;;
50 Tons Mais Escuros;2017;118;Romance;3;1;;;;
65- Ameaçãio Pré-Histórica;2023;93;Scifi;3;1;;;;
A  Incrível História de Adaline;2015;112;Romance;4;1;;;;
A 5ª Onda;2016;112;Scifi;3;2;;;;
A Barraca do Beijo  II;2020;134;Romcom;3;1;;;;
A Barraca do Beijo  III;2021;112;Romcom;3;1;;;;
A Barraca do Beijo I;2018;105;Romcom;3;1;;;;
A Bruxa;2015;92;Horror;4;1;;;;
A Caçada;2012;116;Drama;4;2;;;;
A Caminho do Verão;2022;116;Romance;3;1;;;;
A Cantiga dos Pássaros e das Serpentes;2023;157;Ficção;5;3;;;;
A Chegada;1996;115;Scifi;3;1;;;;
A Conquista do Planeta dos Macacos;1972;83;Scifi;3;1;;;;
A Esfera;1998;134;Scifi;4;1;;;;
Jogos Vorazes: A Esperança Parte I;2014;123;Ação;5;4;;;;
Jogos Vorazes: A Esperança Parte II;2015;137;Ficção;5;2;;;;
A Filha do Meu Melhor Amigo;2011;70;Drama;4;1;;;;
A Força da Natureza;2020;91;Thriller;3;1;;;;
A Forma da Água;2017;123;Romance;5;1;;;;
A Grande Inundação;2025;109;Scifi;4;1;;;;
A Lenda de Tarzan;2016;110;Drama;5;2;;;;
A Mãe da Noiva;2024;88;Romcom;3;1;;;;
A Menina que Matou os Pais;2021;85;Drama;3;1;;;;
A Mentira;2010;92;Romcom;5;3;;;;
A Morte da Esposa do Pastor;2026;134;Documentário;3;1;;;;
A Mosca;1986;96;Scifi;5;2;;;;
A Noite é Delas;2017;105;Comédia;4;1;;;;
A Parede Entre Nós;2024;98;Romcom;3;1;;;;
A Pior Pessoa do Mundo;2021;128;Drama;4;1;;;;
A Princesa e a Plebeia;2018;101;Natal;4;1;;;;
A Saga Crepúsculo: Eclipse;2010;124;Romance;5;2;;;;
A Senhora da Van ;2015;104;Drama;4;1;;;;
A Tempestade do Século;1999;256;Horror;5;1;;;;
A Vizinha Perfeita;2025;90;Documentário;4;1;;;;
Abracadabra;1993;96;Fantasia;3;1;;;;
Academia de Vampiros: O Beijo das Sombras;2014;104;Fantasia;4;1;;;;
Ad Astra;2019;124;Scifi;2;1;;;;
After ;2019;105;Romance;3;2;;;;
After: Everything;2023;93;Maior;4;2;;;;
After: Depois da Promessa;2022;95;Maior;4;1;;;;
After: Depois da Verdade;2020;105;Romance;3;2;;;;
After: Depois do Desencontro;2021;98;Maior;4;1;;;;
Agentes Duplos;2018;96;Ação;3;1;;;;
Aileen: Rainha dos Assassinos em Série;2023;110;Documentário;4;1;;;;
Ainda Estou Aqui;2024;135;Drama;5;1;;;;
Álbum de Família;2013;121;Drama;5;2;;;;
Alex Strangelove;2018;99;Romcom;2;1;;;;
Alguém Avisa?;2020;102;Romcom;4;1;;;;
Alien;1979;117;Scifi;5;1;;;;
Alien 3;1992;116;Scifi;4;1;;;;
Alien x Predador I;2004;107;Scifi;5;1;;;;
Alien x Predador II;2007;80;Scifi;5;1;;;;
Alien: Covenant;2017;123;Scifi;5;1;;;;
Alien: Ressureição;1997;109;Scifi;4;1;;;;
Alien: Romulus;2024;119;Scifi;4;1;;;;
Aliens;1986;137;Scifi;4;1;;;;
Am I ok?;2022;106;Romcom;4;1;;;;
A Saga Crepúsculo : Amanhecer I;2011;117;Fantasia;5;2;;;;
A Saga Crepúsculo : Amanhecer II;2012;115;Fantasia;5;3;;;;
Ameaça Profunda ;2020;95;Drama;5;1;;;;
Amor à Primeira Vista;2023;101;Romcom;4;1;;;;
Amor e Monstros;2020;109;Ação;4;1;;;;
Amor em Verona;2022;114;Romcom;3;1;;;;
Amor Garantido;2020;91;Romcom;4;1;;;;
Anaconda;2025;100;Comédia;3;1;;;;
Anatomia de Uma Queda;2023;152;Drama;3;1;;;;
Animais Fantásticos e Onde Habitam;2016;133;Fantasia;3;1;;;;
Animais Fantásticos: Os Crimes de Grindewald;2018;134;Fantasia;4;1;;;;
Animais Perigosos;2025;98;Thriller;3;1;;;;
Aniquilação;2018;120;Scifi;5;1;;;;
Anjos da Noite;2003;133;Scify;3;1;;;;
Anjos da Noite: O Despertar;2012;88;Scify;3;1;;;;
Anjos da Noite: Evolução;2006;106;Scify;4;1;;;;
Anjos da Noite: Guerra de Sangue;2016;91;Scify;4;1;;;;
Anjos e Demônios ;2009;138;Thriller;5;3;;;;
Antes do Amanhecer;1995;105;Romance;5;3;;;;
Apenas Duas Noites;2014;86;Romcom;4;1;;;;
Army of the Dead - Invasão a Las Vegas;2021;148;Scifi;4;1;;;;
Artico;2018;98;Drama;4;1;;;;
As Branquelas;2004;109;Comédia;3;1;;;;
As Crianças Perdidas;2024;96;Documentário;5;1;;;;
As Ladras;2023;116;Comédia;4;1;;;;
As Leis da Termodinâmica ;2018;100;Romcom;3;1;;;;
As Panteras;2000;98;Ação;4;3;;;;
Ascenção do Cisne Negro;2021;124;Ação;3;1;;;;
Assassinato No Expresso Oriente;2017;114;Drama;4;1;;;;
Ataque Brutal;2026;86;Ação;4;1;;;;
Atômica;2017;115;Ação;4;1;;;;
Através da Minha Janela;2022;116;Romance;3;1;;;;
Através da Minha Janela: Além - Mar;2023;109;Romance;3;1;;;;
Através da Minha Janela: Olhos nos Olhos;2024;100;Romance;3;1;;;;
Avatar: O Caminho da Água;2022;192;Ficção;4;1;;;;
Baby Driver;2017;115;Drama;4;2;;;;
Babygirl;2024;110;Romance;4;1;;;;
Barbie;2023;114;Comédia;5;2;;;;
Bateau Mouche;2025;180;Documentário;4;1;;;;
Batman ;1989;126;Ação;4;1;;;;
Baywatch;2017;130;Comédia;3;1;;;;
Be Somebody Simples como o Amor;2016;88;Romcom;3;1;;;;
Belo Casamento;2024;94;Romcom;2;1;;;;
Belo Desastre;2023;96;Comédia;3;1;;;;
Bem Vindo a Marly Gomont;2016;96;Comédia;3;1;;;;
Besouro Azul;2023;127;Herói;3;1;;;;
Bird Box;2018;124;Scifi;3;1;;;;
Birdman ou (A Inesperada Virtude da Ignorância);2014;120;Drama;4;1;;;;
Blade Runner;1982;117;Scifi;5;2;;;;
Blade Runner 2049;2017;163;Scifi;4;2;;;;
Céu Vermelho-Sangue;2021;121;Ficção;3;1;;;;
Morte Morte Morte;2022;94;Horror;5;1;;;;
Bohemian Rhapsody;2018;134;Documentário;4;2;;;;
Passivomas;2023;91;Comédia;5;1;;;;
Boyhood: Da Infância à Juventude;2014;165;Drama;3;2;;;;
Branco, Vermelho e Sangue Azul;2023;118;Romance;5;1;;;;
Brick;2025;94;Ficção;3;1;;;;
Como Sair de Buffalo;2019;95;Comédia;3;1;;;;
Caddo Lake;2024;99;Ficção;4;1;;;;
Pode Guardar um Segredo?;2019;94;Romcom;3;1;;;;
Capitão Fantástico;2016;118;Drama;5;2;;;;
Capitão Phillips;2013;134;Drama;4;3;;;;
Cargo;2017;105;Drama;3;1;;;;
Bagagem de Risco;2024;119;Ação;3;1;;;;
Casamento Grego I;2002;95;Romcom;5;1;;;;
Casamento Grego II;2016;94;Romcom;4;1;;;;
Casamento Grego III;2023;92;Romcom;3;1;;;;
Caso Eloá: Refém ao Vivo;2025;80;Documentário;5;1;;;;
As Escolhas do Amor;2023;87;Romcom;4;1;;;;
Clube de Compras Dallas;2013;117;Drama;4;3;;;;
Com Amor, Simon;2018;110;Romcom;5;1;;;;
Combinação Perfeita;2022;101;Romance;3;1;;;;
Comer nos Levará a Extinção;2021;81;Documentário;4;1;;;;
Como Eu Era Antes de Você;2016;110;Drama;5;2;;;;
Como Perder um Homem em 10 Dias;2003;116;Romcom;5;4;;;;
Como Superar Um Fora;2018;104;Comédia;3;1;;;;
Conclave;2024;120;Drama;4;1;;;;
Sobreviventes Depois do Terremoto;2023;130;Ficção;3;1;;;;
Continência ao Amor;2022;122;Romance;4;1;;;;
A Saga Divergente: Convergente I;2016;120;Ficção;2;1;;;;
Cores e Sabores;2018;95;Romcom;4;1;;;;
Coringa;2019;140;Thriller;4;2;;;;
Corra;2017;104;Horror;4;1;;;;
Cosmopolis;2012;109;Drama;3;1;;;;
A Saga Crepúsculo: Crepúsculo;2008;135;Romance;5;6;;;;
Crush;2022;93;Romance;5;1;;;;
De Repente 30;2004;98;Romcom;5;2;;;;
De Repente é Amor;2005;107;Romcom;3;1;;;;
De Volta ao Planeta dos Macacos ;1970;95;Scifi;4;1;;;;
Demais pra Mim;2020;91;Romance;3;1;;;;
Depois do Casamento ;2019;112;Drama;4;1;;;;
Desastre Total: Cruzeiro do Cocô;2025;60;Documentário;4;1;;;;
Desbravadores;2007;99;Ficção;3;1;;;;
Desejo e Reparação;2007;123;Drama;5;1;;;;
Desespero Profundo;2024;95;Ação;2;1;;;;
Centro do Meu Mundo;2016;115;Drama;5;1;;;;
Dirty Dancing: Ritmo Quente;1985;100;Romance;5;4;;;;
A Saga Divergente: Divergente;2014;139;Romance;5;3;;;;
Django;2012;165;Drama;5;1;;;;
Dois Papas;2019;125;Drama;4;1;;;;
Não Olhe para Cima;2021;138;Comédia;4;1;;;;
Dr. Estranho;2016;115;Herói;5;2;;;;
Dr. Estranho no Multiverso da Loucura;2022;126;Herói;4;1;;;;
Dredd;2012;95;Ficção;4;1;;;;
Mais Uma Rodada;2020;117;Drama;5;1;;;;
Duna;2021;155;Ficção;5;3;;;;
Duna II;2024;166;Ficção;5;2;;;;
Dunkirk;2017;106;Drama;5;2;;;;
Ela;2013;126;Scifi;4;2;;;;
Elevação;2024;99;Ação;2;1;;;;
Em Busca de Vingança;2017;94;Drama;3;1;;;;
Encomenda Para o Natal;2022;97;Natal;4;1;;;;
Enola Holmes;2020;123;Fantasia;4;1;;;;
Entrevista com o Vampiro;1994;123;Thriller;5;1;;;;
Eragon;2006;104;Fantasia;2;1;;;;
Estomago;2007;113;Drama;4;2;;;;
Eternamente Demais pra Mim;2021;105;Romance;3;1;;;;
Eternos;2021;156;Herói;5;1;;;;
Eu Não Sou um Homem Fácil;2018;98;Comédia;5;1;;;;
O Enigma do Horizonte;1997;96;Scifi;3;1;;;;
Evereste;2015;130;Drama;4;1;;;;
Ex Machina;2015;108;Scify;4;2;;;;
Exit;2006;100;Ação;4;1;;;;
Exmas;2023;93;Natal;4;1;;;;
Extermínio;2002;113;Ficção;5;1;;;;
Extraordinário;2017;103;Drama;5;1;;;;
Fabricante de Lágrimas;2024;105;Romance;2;1;;;;
Fahrenheit 451;2018;100;Scifi;4;1;;;;
Fala Sério, Mãe!;2017;79;Comédia;3;1;;;;
Uma Família Para o Natal;2015;90;Natal;3;1;;;;
Feios;2024;102;Ficção;3;1;;;;
Felicidade Por Um Fio;2018;98;Romcom;3;1;;;;
Férias com Você ;2026;117;Romcom;5;1;;;;
Fresh;2022;114;Horror;5;2;;;;
Fuga do Planeta dos Macacos;1971;98;Scifi;4;1;;;;
Fugindo do Amor;2021;101;Romcom;4;1;;;;
Garota Infernal;2009;102;Drama;5;5;;;;
Gattaca;1997;106;Scifi;4;1;;;;
Godzila X Kong;2021;113;Ficção;4;1;;;;
Gran Turismo;2023;115;Ação;5;3;;;;
Grande Tubarão Branco;2021;93;Ficção;3;1;;;;
Gravidade;2013;91;Scifi;2;1;;;;
Green Book: O Guia;2018;130;Drama;4;1;;;;
Guardiões da Galáxia I;2014;121;Herói;5;2;;;;
Guardiões da Galáxia II;2017;136;Herói;5;1;;;;
Guardiões da Galáxia III;2023;150;Herói;5;1;;;;
Gueros;2014;106;Drama;4;1;;;;
Hangman;2017;98;Ação;2;1;;;;
Hard Feelings;2023;102;Comédia;2;1;;;;
Hereditário;2018;127;Horror;4;1;;;;
Histórias Cruzadas;2011;146;Drama;5;1;;;;
Holocausto Brasileiro;2016;90;Documentário;5;1;;;;
Homem- Aranha de Volta para Casa;2021;133;Herói;5;2;;;;
Homem Aranha Longe de Casa;2019;130;Fantasia;4;1;;;;
Noites Quentes de Verão;2017;120;Drama;3;1;;;;
Como Construir uma Garota;2019;102;Comédia;3;1;;;;
Eu Me Importo;2020;118;Drama;4;1;;;;
Ibiza: Tudo Pelo DJ;2018;94;Romcom;4;1;;;;
Identidade Bourne;2002;119;Ação;3;1;;;;
Ilha dos Cachorros;2018;102;Desenho;3;1;;;;
Inferno;2016;130;Thriller;4;1;;;;
Infiltrado na Klan;2018;134;Drama;5;1;;;;
Instinto Materno;2026;97;Documentário;3;1;;;;
Instrumentos Mortais;2013;130;Romance;5;5;;;;
A Saga Divergente: Insurgente;2015;119;Ficção;4;2;;;;
Interestelar;2014;169;Scifi;5;3;;;;
Intimidade Entre Estranhos;2018;111;Drama;3;1;;;;
Desejo Irlandes;2024;93;Natal;3;1;;;;
Isca;2024;86;Ação;1;1;;;;
Isi & Ossi;2020;113;Romcom;5;1;;;;
Isolados;2014;80;Horror;3;1;;;;
ISS- Estação Espacial Internacional;2023;94;Ficção;4;1;;;;
It - A coisa;2017;135;Horror;4;1;;;;
Já Não Me Sinto Em Casa Nesse Mundo;2017;96;Drama;4;1;;;;
A Saga Jogos Vorazes: Jogos Vorazes ;2012;142;Ação;5;5;;;;
A Saga Jogos Vorazes: Em Chamas;2013;119;Ação;5;3;;;;
John Wick;2014;101;Ação;3;1;;;;
Jurado Nº2;2024;114;Drama;4;1;;;;
Jurassic Park I;1993;127;Scifi;5;3;;;;
Jurassic Park II;1997;129;Scifi;5;2;;;;
Jurassic Park III;2001;92;Scifi;5;3;;;;
Jurassic Park: Dominio;2022;147;Ficção;5;1;;;;
Jurassic Wolrd;2015;124;Ficção;4;2;;;;
Jurassic World: Recomeço;2025;133;Ficção;5;1;;;;
Jurassic World: Fallen Kingdom;2018;129;Scifi;4;1;;;;
Katrina: Come Hell and High Water;2025;180;Documentário;5;1;;;;
Kill Bil I;2003;111;Ação;4;1;;;;
Kill Bil II;2004;137;Ação;4;1;;;;
Kong: A Ilha da Caveira;2017;120;Ação;4;3;;;;
La La Land;2016;128;Romance;4;4;;;;
Lady Bird;2017;94;Drama;5;1;;;;
Lar Ideal;2018;91;Comédia;3;1;;;;
Le Fidèle;2017;130;Drama;4;1;;;;
Legalmente Loira;2001;94;Romcom;4;2;;;;
Liga da Justiça;2017;120;Ação;4;1;;;;
Logan;2017;137;Herói;4;2;;;;
Logan Luck;2017;119;Comédia;3;1;;;;
Lolita;1997;137;Drama;4;1;;;;
Lolo;2015;99;Comédia;4;1;;;;
Love Again;2023;104;Romcom;4;1;;;;
Love Lies Bleeding;2024;104;Drama;4;1;;;;
Lua Nova;2009;135;Romance;5;6;;;;
Lucy Letby: Dúvida Rasoável;2026;92;Documentário;2;1;;;;
Mad Max: Estrada da Fúria;2015;120;Ação;4;1;;;;
Mais que Demais pra Mim;2021;114;Romance;3;1;;;;
Mais Velozes e Mais Furiosos;2003;107;Ação;4;3;;;;
Mamma Mia!;2008;108;Romance;5;3;;;;
Mamma Mia! Here We Go Again;2018;114;Romance;4;1;;;;
May December;2023;105;Drama;5;1;;;;
Maze Runner: A Cura Mortal;2018;133;Ficção;4;1;;;;
Maze Runner: Correr ou Morrer;2014;113;Ficção;5;2;;;;
Maze Runner: Prova de Fogo;2015;131;Ficção;4;2;;;;
Me Chame Pelo Seu Nome;2017;130;Romance;5;2;;;;
Medida Provisória;2020;103;Ficção;5;2;;;;
Megatubarão I;2018;113;Scifi;5;2;;;;
Megatubarão II;2023;116;Ação;4;1;;;;
Meia Noite em Paris;2011;94;Romance;4;2;;;;
Meltdown: Three Mile Island;2022;240;Documentário;4;1;;;;
Meninas Malvadas;2004;97;Comédia;5;2;;;;
Menino do Rio;1982;96;Drama;4;1;;;;
Mesmo Se Nada Der Certo;2013;104;Romcom;4;3;;;;
Meu Romance Perfeito;2018;115;Drama;3;1;;;;
Millers Girl;2024;93;Drama;2;1;;;;
Minha Culpa;2023;117;Maior;4;1;;;;
Minha Festa de 30 Anos;2016;86;Romcom;3;1;;;;
Missão Presente de Natal;2020;95;Natal;3;1;;;;
Mãe;2017;121;Drama;3;1;;;;
Moxie;2021;112;Comédia;4;1;;;;
Mudo;2018;126;Scifi;4;1;;;;
Muito Bem Acompanhada;2005;90;Romcom;5;2;;;;
Mulher Maravilha ;2017;141;Ação;3;1;;;;
Mundo Caos;2021;109;Ficção;4;1;;;;
Música;2024;91;Romcom;4;1;;;;
My Oxford Year;2025;115;Romance;4;1;;;;
Naquele Fim de Semana;2022;90;Drama;2;1;;;;
Nasce uma Estrela;2018;135;Romance;4;1;;;;
Navio Fantasma;2002;92;Horror;4;1;;;;
No Coração do Mar;2015;122;Drama;4;1;;;;
No Ritmo do Natal;2024;86;Natal;2;1;;;;
No Seu Natal ou no Meu? I;2022;95;Natal;4;1;;;;
No seu Natal ou no Meu? II;2023;101;Natal;4;1;;;;
Noites Brutais;2022;102;Horror;4;1;;;;
Nope;2022;130;Ficção;5;3;;;;
Nossa Culpa;2025;94;Romance;3;1;;;;
Nosso Pequeno Segredo;2024;101;Natal;4;1;;;;
Nosso Sonho;2023;135;Drama;5;1;;;;
O Amor Não Tira Férias;2006;138;Romcom;5;2;;;;
O Ataque do Tubarão de 5 Cabeças;2017;90;Ficção;3;1;;;;
O Casamento do Meu Melhor Amigo;1997;105;Romcom;5;2;;;;
O Círculo;2017;110;Drama;3;1;;;;
O Código da Vinci;2006;149;Thriller;5;3;;;;
O Despertar de Motti ;2018;93;Romcom;4;1;;;;
O Dia Depois de Amanhã;2004;124;Drama;5;3;;;;
O Diabo de Cada Dia;2020;138;Drama;4;1;;;;
O Diabo Veste Prada;2006;109;Comédia;5;1;;;;
O Diabo Veste Prada 2;2026;120;Comédia;4;1;;;;
O Diário da Princesa;2001;111;Romcom;5;2;;;;
O Espaço Entre Nós;2017;121;Romance;4;1;;;;
O Estrangulador de Boston;2023;114;Drama;5;1;;;;
O Exótico Hotel Marigold;2011;124;Comédia;5;1;;;;
O Exterminador do Futuro - Destino Sombrio;2019;128;Scifi;4;2;;;;
O Exterminador do Futuro - Gênises;2015;126;Scifi;3;1;;;;
O Exterminador do Futuro: Dia do Julgamento;1991;130;Scify;4;1;;;;
O Exterminador do Futuro: Rise of the Machines;2003;90;Scify;4;1;;;;
O Exterminador do Futuro: Salvação;2009;115;Scify;3;1;;;;
O Farol;2019;109;Drama;4;1;;;;
O Feitiço de Natal;2018;95;Natal;4;1;;;;
O Grande Gatsby;2013;143;Drama;4;2;;;;
O Grande Hotel Budapeste;2014;99;Drama;4;2;;;;
O Hobbit: A Batalha dos Cinco Exércitos;2014;144;Fantasia;5;1;;;;
O Hobbit: Desolação de Smaug;2013;161;Fantasia;5;2;;;;
O Hobbit: Uma Jornada Inesperada;2012;169;Fantasia;5;3;;;;
O homem Invisivel ;2020;125;Horror;4;1;;;;
O Inferno de Dante;1997;108;Ficção;5;3;;;;
O Menino que Matou meus Pais;2021;87;Drama;3;1;;;;
O Mentiroso;1997;86;Comédia;4;2;;;;
O Mundo Depois de Nós;2023;138;Ficção;4;1;;;;
O Nevoeiro;2007;126;Scify;4;4;;;;
O Pai da Noiva;2022;117;Romcom;4;1;;;;
O Poço;2019;94;Drama;5;1;;;;
O Predador ;2018;97;Scifi;3;1;;;;
O Quinto Elemento;1997;126;Scifi;5;1;;;;
O Regresso;2015;156;Drama;4;1;;;;
O Rei do Show;2017;105;Drama;4;1;;;;
O Rei Leão;2019;85;Drama;4;1;;;;
O Senhor dos Anéis: A Sociedade do Anel;2001;178;Fantasia;4;2;;;;
O Senhor dos Anéis: As Duas Torres;2002;179;Fantasia;4;2;;;;
O Sol Também é Uma Estrela;2019;120;Romance;5;1;;;;
Ocean's 8;2018;111;Comédia;3;1;;;;
Ocupação;2020;128;Ficção;3;1;;;;
Oito Mulheres e Um Segredo;2018;111;Comédia;3;1;;;;
Orgulho e Preconceito;2005;129;Romance;5;2;;;;
Os Investigadores e a Maldição da Montanha;2017;93;Comédia;3;1;;;;
Os Meus, Os Seus e os Nossos;2005;90;Comédia;4;2;;;;
Os Novos Mutantes;2020;94;Herói;4;2;;;;
Os Sete Minutos;1971;115;Drama;4;1;;;;
Os Sonhadores;2003;115;Drama;5;1;;;;
Pacto de Redenção;2023;114;Thriller;4;1;;;;
Palm Springs;2020;90;Romcom;5;1;;;;
Pânico nas Alturas;2019;85;Horror;3;1;;;;
Pantera Negra;2018;135;Ação;5;1;;;;
Pantera Negra II;2022;101;Herói;5;1;;;;
Para Todos Garatos Que Já Amei III;2021;116;Romcom;4;1;;;;
Para Todos Garotos Que Já Amei;2018;99;Romcom;4;2;;;;
Para Todos Garotos Que Já Amei: PS. Ainda Amo Você;2020;102;Romcom;5;1;;;;
Parasita;2019;132;Drama;5;1;;;;
Passageiro Acidental;2021;116;Thriller;4;1;;;;
Passageiros;2016;116;Scifi;3;1;;;;
Pecadores;2025;118;Thriller;5;1;;;;
Peça-me o Que Quiser;2024;105;Maior;2;1;;;;
Pegando Fogo;2015;101;Drama;2;1;;;;
Perdida;2023;115;Romance;4;1;;;;
Perdido em Marte;2015;151;Scifi;4;2;;;;
Persuasão;2022;108;Romance;4;1;;;;
Peter Rabbit;2018;95;Comédia;5;1;;;;
Philomena;2013;98;Drama;5;3;;;;
Piratas do Caribe: A Maldição do Pérola Negra;2003;143;Ação;5;4;;;;
Piratas do Caribe: A Vingança de Salazar;2017;129;Ação;4;1;;;;
Piratas do Caribe: Navegando em Águas Misteriosas ;2011;137;Ação;5;2;;;;
Piratas do Caribe: No Fim do Mundo;2007;169;Ação;5;2;;;;
Piratas do Caribe: O Baú da Morte;2006;151;Ação;5;3;;;;
Planeta dos Macacos;1968;118;Scifi;5;1;;;;
Planeta dos Macacos: Guerra;2017;140;Scifi;5;1;;;;
Planeta dos Macacos: O Reinado;2024;165;Ficção;5;1;;;;
Plus One;2019;98;Romance;4;1;;;;
Precisamos Falar Sobre Kevin;2011;118;Drama;4;1;;;;
Predador;1987;107;Scifi;3;1;;;;
Predador II;1990;108;Scifi;3;1;;;;
Predador: A Caçada;2022;93;Scifi;4;1;;;;
Predador: Terras Selvagens;2025;107;Scify;4;1;;;;
Predadores;2010;107;Scifi;3;1;;;;
Predadores Assassinos ;2019;87;Drama;4;1;;;;
Proibido Homens;2015;81;Comédia;5;1;;;;
Projection Privée;1973;95;Drama;4;1;;;;
Prometheus;2012;124;Scifi;4;1;;;;
Puppy Love;2023;106;Romcom;3;1;;;;
Quando Nos Conhecemos;2018;97;Romcom;4;1;;;;
Quarteto Fantastico e o Surfista Prateado;2007;92;Herói;4;2;;;;
Quarteto Fantastico: Primeiros Passos;2025;115;Ação;5;1;;;;
Quatro Casamentos e Um Funeral;1994;117;Comédia;4;1;;;;
Que Horas eu te Pego?;2023;103;Comédia;5;1;;;;
Que Mal Fiz Eu a Deus?;2014;97;Comédia;5;2;;;;
Raw;2017;93;Drama;4;1;;;;
Red Sparrow;2018;140;Thriller;5;2;;;;
Resident Evil;2002;100;Scify;4;1;;;;
Resident Evil: Apocalipse;2004;94;Scify;4;1;;;;
Resident Evil: Extinção;2007;94;Scify;4;1;;;;
Resistência;2023;133;Ficção;4;1;;;;
Rides of Justice;2020;116;Ação;4;1;;;;
Rivais;2024;131;Drama;5;1;;;;
Rua do Medo: 1666;2021;114;Horror;4;1;;;;
Rua do Medo: 1978;2021;109;Horror;4;1;;;;
Rua do Medo: 1994;2021;107;Horror;4;1;;;;
Rua do Medo: Rainha do Baile;2025;90;Horror;3;1;;;;
Saltburn;2023;131;Thriller;5;1;;;;
Samba;2014;118;Comédia;4;1;;;;
Secretária;2002;107;Romance;3;1;;;;
Sem Prada Nem Nada;2011;107;Romcom;3;1;;;;
Sergio;2020;118;Drama;4;1;;;;
Sex and The City;2008;145;Comédia;4;3;;;;
Sexo Sem Compromisso;2011;105;Romcom;3;1;;;;
She is Love;2022;82;Drama;3;1;;;;
Shiva Baby;2020;77;Drama;5;1;;;;
Sierra Burgess é Uma Loser;2018;105;Romcom;3;1;;;;
Silver Skates;2020;130;Romance;4;1;;;;
Simplesmente Complicado;2009;120;Romcom;4;2;;;;
Sinais;2002;106;Scifi;5;5;;;;
Snowden;2016;134;Thriller;4;1;;;;
Sobrenatural: A Última Chave;2018;103;Horror;4;1;;;;
Sociedade da Neve;2023;154;Drama;5;1;;;;
SPF- 18;2017;85;Romcom;4;1;;;;
Spotlight: Segredos Revelados;2015;128;Drama;4;1;;;;
Sr. & Sra. Smith;2005;126;Ação;5;2;;;;
Star Trek;2009;127;Scifi;5;2;;;;
Star Trek: Into Darkness;2013;132;Scifi;5;3;;;;
Sua Culpa;2024;120;Romance;2;1;;;;
Subservience;2024;111;Ficção;3;1;;;;
Sugar Daddy;2020;99;Drama;3;1;;;;
Suite Francesa;2014;107;Drama;4;1;;;;
Supremacia Bourne;2004;108;Ação;3;1;;;;
Tell Me Softy;2025;118;Romance;2;1;;;;
Terremoto;2018;108;Scifi;4;1;;;;
Terror nas Profundezas;2023;84;Horror;3;1;;;;
The Abyss;2023;83;Drama;3;1;;;;
The Batman ;2022;176;Herói;5;2;;;;
The Cured;2017;95;Ficção;2;1;;;;
The Devil's Mounth;2026;106;Ficção;3;1;;;;
The Dinner;2017;120;Drama;4;1;;;;
The Ice Road;2021;109;Ação;3;1;;;;
The Idea of You;2024;115;Romance;5;1;;;;
The Inventor: Out for Blood in Silicon Valley;2019;120;Documentário;3;1;;;;
The King;2019;140;Drama;4;1;;;;
The Life List;2025;120;Drama;4;1;;;;
The Loft;2014;108;Thriller;3;1;;;;
The Lover;1992;115;Drama;4;1;;;;
The Matrix;1999;136;Ficção;4;2;;;;
The Old Guard;2020;125;Scifi;5;1;;;;
The Old Guard II;2025;105;Ação;4;1;;;;
The Other Woman;2014;109;Romcom;5;3;;;;
The Other Zoey;2023;91;Romcom;4;1;;;;
The Sea Beast;2022;115;Desenho;4;1;;;;
The Trip ;2010;102;Comédia;5;2;;;;
The Trip to Greece;2020;103;Comédia;5;1;;;;
The Trip to Italy;2014;108;Comédia;4;1;;;;
The Trip to Spain;2017;108;Comédia;4;1;;;;
The Volcano: Rescue From Whakaari;2022;98;Documentário;5;1;;;;
The Wolf Call;2019;115;Drama;3;1;;;;
This is Christmas;2022;112;Natal;4;1;;;;
Thrash;2026;84;Thriller;3;1;;;;
Ticket to Paradise;2022;104;Romcom;4;1;;;;
Titan: The Oceangate;2025;110;Documentário;4;1;;;;
Todo Dia;2018;106;Romance;4;1;;;;
Todos Menos Você;2023;90;Romcom;5;1;;;;
Top Gun: Maverick;2022;130;Ação;3;1;;;;
Tornado: Joplin em Ruínas;2025;89;Documentário;5;1;;;;
Trapaça;2013;138;Drama;4;1;;;;
Três Anúncios Para Um Crime ;2017;115;Drama;5;1;;;;
Três Verões;2019;93;Drama;4;1;;;;
Treze Vidas: O Resgate;2022;147;Drama;5;1;;;;
Triângulo da Tristeza;2022;147;Drama;5;1;;;;
Troll;2022;101;Ficção;4;1;;;;
Troll II;2025;80;Ficção;3;1;;;;
Tubarão;1975;124;Scifi;4;1;;;;
Tubarões do Gelo;2016;85;Ficção;3;1;;;;
Tudo e Todas as Coisas;2017;96;Romance;5;1;;;;
Tunnelen;2019;105;Thriller;4;1;;;;
Twister;1996;103;Ficção;5;3;;;;
Twisters;2024;122;Ficção;5;1;;;;
Um Brinde ao Natal I;2020;106;Natal;3;1;;;;
Um Brinde ao Natal II;2021;106;Natal;3;1;;;;
Um Crime para Dois;2020;87;Comédia;4;1;;;;
Um Cruch Para o Natal;2021;99;Natal;4;1;;;;
Um Desejo Para o Natal;2016;84;Natal;4;1;;;;
Um Lugar Chamado Notting Hill;1999;124;Romcom;5;3;;;;
Um Lugar Silencioso I;2018;90;Drama;5;1;;;;
Um Lugar Silencioso II;2020;97;Thriller;5;2;;;;
Um Lugar Silencioso: Day One;2024;99;Ficção;5;1;;;;
Um Match Surpresa;2021;94;Natal;4;1;;;;
Um Mergulho no Passado;2015;125;Drama;4;1;;;;
Um Plano Imperfeito;2018;95;Romcom;4;1;;;;
Um Príncipe de Natal;2017;92;Natal;4;1;;;;
Um Principe em NY I;1988;117;Comédia;5;3;;;;
Um Principe em NY II;2021;110;Comédia;4;1;;;;
Uma Noite de Crime;2013;85;Ficção;3;2;;;;
Uma Noite de Crime: A Primeira Noite de Crime;2018;96;Ação;4;2;;;;
Uma Noite de Crime: Anarquia;2014;103;Ação;4;3;;;;
Uma Noite de Crime: Ano de Eleição;2016;105;Ação;4;1;;;;
Uma Quedinha de Natal;2022;93;Natal;3;1;;;;
Uma Segunda Chance Para Amar;2019;103;Natal;5;1;;;;
Unkwon Number;2025;300;Documentário;4;1;;;;
Untonld: Chess Mates;2026;80;Documentário;3;1;;;;
Upgraded;2024;90;Romcom;5;1;;;;
Vampiros;1998;103;Ficção;3;1;;;;
Vampiros: Os Mortos;2002;94;Horror;4;1;;;;
Velozes e Furios I;2001;106;Ação;4;3;;;;
Velozes e Furios: Desafio em Tóquio;2006;104;Ação;4;2;;;;
Velozes e Furiosos IV;2009;107;Ação;4;1;;;;
Velozes e Furiosos: Operação Rio;2011;130;Ação;4;2;;;;
Venon;2018;112;Scifi;4;1;;;;
Viagem das Loucas;2017;91;Comédia;4;1;;;;
Vida Inteligente;2017;110;Ficção;4;1;;;;
Vidas Passadas;2023;106;Romance;5;1;;;;
Vingadores: Guerra Infinita;2018;149;Ação;4;1;;;;
Viva, a Vida é Uma Festa;2017;105;Comédia;4;1;;;;
Você não Está Convidada para o meu Bat Mitzvá;2023;103;Comédia;4;1;;;;
Você nem Imagina;2020;104;Romcom;4;1;;;;
Waterworld;1995;135;Scifi;5;1;;;;
Whiplash: Em Busca da Perfeição;2014;107;Drama;5;3;;;;
Wolverine  Imortal;2013;126;Drama;4;1;;;;
X;2022;106;Horror;3;1;;;;
X-Men Dias de um Futuro Esquecido;2014;132;Ação;5;2;;;;
X-Men: Apocalipse ;2016;144;Ficção;5;1;;;;
Z: A Cidade Perdida;2016;141;Drama;4;1;;;;
